EU_EPRTR;Selite_suomi;Selite_ruotsi;Selite_eng;;;;;;;FI lyhyt;SE lyhyt;EN lyhyt
1;Energia-ala;Energisektorn ;Energy sector;;;;;;;;;
1(a);Kaasun- ja öljynjalostamot;Olje- och gasraffinaderier ;Mineral oil and gas refineries;;;;;;;;;
1(b);Kaasutus- ja nesteytyslaitokset;Anläggningar för förgasning och kondensering ;Installations for gasification and liquefaction;;;;;;;;;
1(c);Lämpövoimalat ja muut polttolaitokset, joiden polttoaineteho on vähintään 50 MW;Värmekraftverk och andra förbränningsanläggningar med en värmetillförsel på 50 megawatt (MW);Thermal power stations and other combustion installations with a heat input of 50 megawatts (MW);;;;;;;Energiantuotantolaitokset >50MW;Energiproduktionsanläggningar >50 MW;Power plants > 50MW
1(d);Koksaamot;Koksverk;Coke ovens;;;;;;;;;
1(e);Hiilen murskauslaitokset, joiden kapasiteetti on vähintään 1 t/h;Kolkvarnar med en kapacitet på 1 ton per timme;Coal rolling mills with a capacity of 1 tonne per hour;;;;;;;;;
1(f);Kivihiilituotteita ja kiinteitä savuttomia polttoaineita valmistavat laitokset;Anläggningar för tillverkning av kolprodukter och fasta rökfria bränslenkolprodukter och fasta rökfria bränslen ;Installations for the manufacture of coal products and solid smokeless fuel;;;;;;;;;
2;Metallien tuotanto ja jalostus;Produktion och behandling av metaller;Production and processing of metals;;Produktion och behandling av metaller;Production and processing of metals;;;;;;
2(a);Malmin (sulfidimalmi mukaan lukien) pasutus- tai sintrauslaitokset;Anläggningar för rostning och sintring av metallhaltig malm, inbegripet svavelhaltig malm ;Metal ore (including sulphide ore) roasting or sintering installations;;Anläggningar för rostning och sintring av metallhaltig malm, inbegripet svavelhaltig malm ;Metal ore (including sulphide ore) roasting or sintering installations;;;;;;
2(b);Raakaraudan tai teräksen tuotantolaitokset (primääri- tai sekundaarisulatus), jatkuva valu mukaan lukien, kun kapasiteetti on vähintään 2,5 t/h;Anläggningar för framställning av råjärn eller stål (primär eller sekundär smältning), inklusive utrustning för kontinuerlig gjutning med en kapacitet på 2,5 ton per timme;Installations for the production of pig iron or steel (primary or secondary melting) including continuous casting with a capacity of 2.5 tonnes per hour;;Anläggningar för framställning av råjärn eller stål (primär eller sekundär smältning), inklusive utrustning för kontinuerlig gjutning;Installations for the production of pig iron or steel (primary or secondary melting) including continuous casting;;;;Rauta- ja terästeollisuus;Järn- och stålindustri;Iron and steel industry
2(c);Laitokset, joissa jalostetaan rautametalleja ;Anläggningar för behandling av järnbaserade metaller;Installations for the processing of ferrous metals;;Anläggningar för behandling av järnbaserade metaller;Installations for the processing of ferrous metals;;;;;;
2(c)(i);Laitokset, joissa rautametalleja jalostetaan kuumavalssauksella ja kapasiteetti on vähintään 20 t raakaterästä/h;Anläggningar för behandling av järnbaserade metaller genom varmvalsning med en kapacitet på 20 ton stål per timme;Installations for the processing of ferrous metals through hot rolling with a capacity of 20 tonnes of crude steel per hour;;Anläggningar för behandling av järnbaserade metaller - Genom varmvalsning;Installations for the processing of ferrous metals through hot rolling;;;;;;
2(c)(ii);Laitokset, joissa rautametalleja jalostetaan takomalla vasaroilla ja joiden iskuenergia on vähintään 50 kJ/vasara ja käytetty lämpöteho yli 20 MW;Anläggningar för behandling av järnbaserade metaller genom hammarsmide med en slagkraft per hammare på 50 kJ och där den använda värmeeffekten överstiger 20 MW;Installations for the processing of ferrous metals, Smitheries with hammers with an energy of 50 kilojoules per hammer, where the calorific power used exceeds 20 MW;;Anläggningar för behandling av järnbaserade metaller genom hammarsmide med en slagkraft per hammare på 50 kJ och där den använda värmeeffekten överstiger 20 MW;Installations for the processing of ferrous metals, Smitheries with hammers;;;;;;
2(c)(iii);Laitokset, joissa rautametalleja jalostetaan suojakäsittelemällä sulalla metallilla ja käsittelymäärä on vähintään 2 t raakaterästä/h;"Anläggningar för behandling av järnbaserade metaller genom anbringande av skyddsbeläggningar av smält metall med en inmatning på 2 bruttoton stål per
timme";Installations for the processing of ferrous metals, Application of protective fused metal coats with an input of 2 tonnes of crude steel per hour;;Anläggningar för behandling av järnbaserade metaller - Genom anbringande av skyddsbeläggningar av smält metall ;Installations for the processing of ferrous metals, Application of protective fused metal coats;;;;;;
2(d);Rautametallivalimot, joiden tuotantokapasiteetti on vähintään 20 t/d;Järn- och stålgjuterier med en produktionskapacitet på 20 ton per dygn;Ferrous metal foundries with a production capacity of 20 tonnes per day;;Anläggningar för tillverkning av kolprodukter och fasta rökfria bränslenkolprodukter och fasta rökfria bränslen ;Installations for the manufacture of coal products and solid smokeless fuel;;;;;;
2(e);Laitokset, joissa tuotetaan muita kuin rautapitoisia metalleja;Anläggningar för produktion av ickejärnmetaller och för smältning;Installations for the processing of non-ferrous metals;;;;;;;;;
2(e)(i);Laitokset joissa tuotetaan muita kuin rautapitoisia raakametalleja malmeista, rikasteista tai sekundaarisista raaka-aineista metallurgisilla, kemiallisilla tai elektrolyyttisillä prosesseilla;Anläggningar - för produktion av icke-järnmetaller utifrån malm, slig eller sekundärt råmaterial genom metallurgiska, kemiska eller elektrolytiska processer ;Installation for the production of non-ferrous crude metals from ore, concentrates or secondary raw materials by metallurgical, chemical or electrolytic processes;;;;;;;Värimetalliteollisuus;Icke-järnmetallindustri;Non-ferrous metals
2(e)(ii);Laitokset joissa sulatetaan, seostaminen mukaan lukien, muita kuin rautapitoisia metalleja, jälleenkäsiteltävät tuotteet mukaan lukien (puhdistuksesta, sulattovalusta jne.) ja kun sulatuskapasiteetti on vähintään 4 t/d lyijyn ja kadmiumin osalta tai 20 t/d kaikkien muiden metallien osalta;Anläggningar - för smältning, inklusive framställning av legeringar, av icke-järnmetaller inklusive återvinningsprodukter, (färskning, formgjutning etc) med en smältningskapacitet på 4 ton per dygn för  bly och kadmium eller 20 ton per dygn för övriga metaller;Installation for the smelting, including the alloying, of non-ferrous metals, including recovered products (refining, foundry casting, etc.) with a melting capacity of 4 tonnes per day for lead and cadmium or 20 tonnes per day for all other metals;;;;;;;Valimot ja sulatot;Gjuterier och smältverk;Foundries and smelting works
2(f);Metallien ja muovien pintakäsittelylaitokset, joissa käytetään elektrolyyttistä tai kemiallista prosessia ja käsittelyaltaiden tilavuus on vähintään 30m3;Anläggningar för ytbehandling av metaller och plaster som använder en elektrolytisk eller kemisk process där behandlingsbaden har en volym på 30 m3;"Installations for surface treatment of metals and plastic materials using an electrolytic or chemical process where the volume of the treatment vats
equals 30 m3";;;;;;;Pintakäsittelylaitokset;Ytbehandlingsanläggningar;Surface treatment installations
3;Mineraaliteollisuus;Mineralindustri;Mineral industry;;;;;;;;;
3(a);Maanalainen kaivoslouhinta ja siihen liittyvä toiminta;Underjordsbrytning och därmed förknippad verksamhet ;Underground mining and related operations;;;;;;;Maanalainen kaivostoiminta;Underjordsbrytning;Underground mining
3(b);Avokaivoslouhinta ja louhinta, kun kaivannaistoimien kohteena varsinaisesti olevan alueen pinta-ala on vähintään 25 ha;Dagbrottsbrytning och stenbrottsbrytning när utvinningsplatsen dar utvinningsverksamhet faktiskt bedrivs har en yta på 25 hektar;"Opencast mining and quarrying where the surface of the area effectively
under extractive operation equals 25 hectares";;;;;;;;;
3(c);Laitokset, jotka tuottavat sementtiklinkkeriä tai kalkkia;Anläggningar för framställning av cementklinker eller kalk ;Installations for the production of cement clinker or lime;;;;;;;;;
3(c)(i);Laitokset, jotka tuottavat sementtiklinkkeriä kiertouuneissa ja joiden tuotantokapasiteetti on vähintään 500 t/d;Anläggningar för framställning av - cementklinker i roterugn med en produktionskapacitet på 500 ton per dygn;Installations for the production of cement clinker in rotary kilns with a production capacity of 500 tonnes per day;;;;;;;;;
3(c)(ii);Laitokset, jotka tuottavat kalkkia kiertouuneissa ja joiden tuotantokapasiteetti on vähintään 50 t/d;Anläggningar för framställning av - kalk i roterugn med en produktionskapacitet på 50 ton per dygn;Installations for the production of lime in rotary kilns with a production capacity of 50 tonnes per day;;;;;;;;;
3(c)(iii);Laitokset, jotka tuottavat sementtiklinkkeriä tai kalkkia muissa uuneissa ja joiden tuotantokapasiteetti on vähintään 50 t/d;Anläggningar för framställning av - klinker (cement) eller kalk i andra typer av ugnar med en produktionskapacitet på 50 ton per dygn;Installations for the production of cement clinker or lime in other furnaces with a production capacity of 50 tonnes per day;;;;;;;;;
3(d);Asbestia ja asbestipitoisia tuotteita valmistavat laitokset; Anläggningar för produktion av asbest och för tillverkning av asbestbaserade produkter;Installations for the production of asbestos and the manufacture of asbestos-based products;;;;;;;;;
3(e);Lasia, mukaan lukien lasikuitua, valmistavat laitokset, joiden sulatuskapasiteetti on vähintään 20 t/d;Anläggningar för tillverkning av glas inklusive glasfibrer med en smältningskapacitet på 20 ton per dygn;Installations for the manufacture of glass, including glass fibre with a melting capacity of 20 tonnes per day;;;;;;;;;
3(f);Mineraaleja sulattavat laitokset, mukaan lukien mineraalikuituja tuottavat laitokset, joiden sulatuskapasiteetti on vähintään 20 t/d;Anläggningar för smältning av mineraler, inklusive framställning av mineralull med en smältningskapacitet på 20 ton per dygn;Installations for melting mineral substances, including the production of mineral fibres with a melting capacity of 20 tonnes per day;;;;;;;;;
3(g);Laitokset, joissa valmistetaan polttamalla keraamisia tuotteita, erityisesti kattotiiliä, tiiliä, tulenkestäviä tiiliä, laattoja, kivitavaraa tai posliinia ja joiden tuotantokapasiteetti on vähintään 75 t/d tai uunitilavuus 4 m3 ja lastauskapasiteetti 300 kg/m3 uunia kohden;Anläggningar för tillverkning av keramiska produkter genom bränning, i synnerhet takpannor, tegel, eldfast sten, kakel, stengods eller porslin med en produktionskapacitet på 75 ton per dygn, eller med en ugnskapacitet på 4 m3 och med en satsningsdensitet på 300 kg per ugn;Installations for the manufacture of ceramic products by firing, in particular roofing tiles, bricks, refractory bricks, tiles, stoneware or porcelain with a production capacity of 75 tonnes per day, or with a kiln capacity of 4 m3 and with a setting density per kiln of 300 kg/m3 ;;;;;;;;;
4;Kemianteollisuus;Kemisk industri;Chemical industry;;;;;;;;;
4(a);Kemialliset laitokset, joissa tuotetaan teollisessa mittakaavassa orgaanisen kemian peruskemikaaleja;Anläggningar för kemisk framställning av organiska baskemikalier;Chemical installations for the production on an industrial scale of basic organic chemicals;;;;;;;;;
4(a)(i);Kemialliset laitokset, joissa tuotetaan teollisessa mittakaavassa orgaanisen kemian peruskemikaaleja, kuten yksinkertaisia hiilivetyjä (suoraketjuisia tai rengasrakenteisia, tyydyttyneitä tai tyydyttämättömiä, alifaattisia tai aromaattisia);Anläggningar för kemisk framställning av organiska baskemikalier såsom - Kolväten, (linjära eller cykliska, mättade eller omättade, alifatiska eller aromatiska);Chemical installations for the production on an industrial scale of basic organic chemicals: Simple hydrocarbons (linear or cyclic, saturated or unsaturated, aliphatic or aromatic);;;;;;;;;
4(a)(ii);Kemialliset laitokset, joissa tuotetaan teollisessa mittakaavassa orgaanisen kemian peruskemikaaleja, kuten happea sisältäviä hiilivetyjä, kuten alkoholeja, aldehydejä, ketoneita, karboksyylihappoja, estereitä, asetaatteja, peroksideja ja epoksihartseja;Anläggningar för kemisk framställning av organiska baskemikalier såsom - Syreinnehållande organiska föreningar, exempelvis alkoholer, aldehyder, ketoner, karboxylsyror, estrar, acetater, etrar, peroxider, epoxihartser ;Chemical installations for the production on an industrial scale of basic organic chemicals: Oxygen-containing hydrocarbons such as alcohols, aldehydes, ketones, carboxylic acids, esters, acetates, ethers, peroxides, epoxy resins;;;;;;;Kemianteollisuus (orgaaninen);Kemisk industri (organisk);Chemical industry (organic)
4(a)(iii);Kemialliset laitokset, joissa tuotetaan teollisessa mittakaavassa orgaanisen kemian peruskemikaaleja, kuten rikkipitoisia hiilivetyjä;Anläggningar för kemisk framställning av organiska baskemikalier såsom organiska svavelföreningar;Chemical installations for the production on an industrial scale of basic organic chemicals: Sulphurous hydrocarbons;;;;;;;;;
4(a)(iv);Kemialliset laitokset, joissa tuotetaan teollisessa mittakaavassa orgaanisen kemian peruskemikaaleja, kuten typpipitoisia hiilivetyjä, kuten amiineja, amideja, typpiyhdisteitä, nitroyhdisteitä tai nitraattiyhdisteitä, nitriilejä, syanaatteja ja isosyanaatteja;Anläggningar för kemisk framställning av organiska baskemikalier såsom - Kväveinnehållande organiska föreningar, exempelvis aminer, amider, nitroso-, nitro-, eller nitratföreningar, nitriler, cyanater, isocyanater;Chemical installations for the production on an industrial scale of basic organic chemicals: Nitrogenous hydrocarbons such as amines, amides, nitrous compounds, nitro compounds or nitrate compounds, nitriles, cyanates, isocyanates;;;;;;;Kemianteollisuus (epäorgaaninen);Kemisk industri (oorganisk);Chemical industry (inorganic)
4(a)(v);Kemialliset laitokset, joissa tuotetaan teollisessa mittakaavassa orgaanisen kemian peruskemikaaleja, kuten fosforia sisältäviä hiilivetyjä;Anläggningar för kemisk framställning av organiska baskemikalier såsom - Fosfororganiska föreningar;Chemical installations for the production on an industrial scale of basic organic chemicals: Phosphorus-containing hydrocarbons;;;;;;;;;
4(a)(vi);Kemialliset laitokset, joissa tuotetaan teollisessa mittakaavassa orgaanisen kemian peruskemikaaleja, kuten halogenoituja hiilivetyjä;Anläggningar för kemisk framställning av organiska baskemikalier såsom halogenerade kolväten;Chemical installations for the production on an industrial scale of basic organic chemicals: Halogenic hydrocarbons;;;;;;;;;
4(a)(vii);Kemialliset laitokset, joissa tuotetaan teollisessa mittakaavassa orgaanisen kemian peruskemikaaleja, kuten organometallisia yhdisteitä;Anläggningar för kemisk framställning av organiska baskemikalier såsom - Metallorganiska föreningar;Chemical installations for the production on an industrial scale of basic organic chemicals: Organometallic compounds;;;;;;;;;
4(a)(viii);Kemialliset laitokset, joissa tuotetaan teollisessa mittakaavassa orgaanisen kemian peruskemikaaleja, kuten perusmuoveja (polymeerejä, synteettisiä kuituja, ja selluloosapohjaisia kuituja);Anläggningar för kemisk framställning av organiska baskemikalier såsom - Basplaster och andra polymerer (polymerer, syntetfibrer, regenererad cellulosa) ;Chemical installations for the production on an industrial scale of basic organic chemicals: Basic plastic materials (polymers, synthetic fibres and cellulose-based fibres);;;;;;;;;
4(a)(ix);Kemialliset laitokset, joissa tuotetaan teollisessa mittakaavassa orgaanisen kemian peruskemikaaleja, kuten synteettisiä kumeja;Anläggningar för kemisk framställning av organiska baskemikalier såsom syntetgummi;Chemical installations for the production on an industrial scale of basic organic chemicals: Synthetic rubbers;;;;;;;;;
4(a)(x);Kemialliset laitokset, joissa tuotetaan teollisessa mittakaavassa orgaanisen kemian peruskemikaaleja, kuten väriaineita ja pigmenttejä;Anläggningar för kemisk framställning av organiska baskemikalier såsom färgämnen och pigment;Chemical installations for the production on an industrial scale of basic organic chemicals: Dyes and pigments;;;;;;;;;
4(a)(xi);Kemialliset laitokset, joissa tuotetaan teollisessa mittakaavassa orgaanisen kemian peruskemikaaleja, kuten pinta-aktiivisia aineita;Anläggningar för kemisk framställning av organiska baskemikalier såsom - Ytaktiva ämnen och tensider ;Chemical installations for the production on an industrial scale of basic organic chemicals: Surface-active agents and surfactants;;;;;;;;;
4(b);Kemialliset laitokset, joissa tuotetaan teollisessa mittakaavassa epäorgaanisen kemian peruskemikaaleja;Anläggningar för kemisk framställning av oorganiska baskemikalier ;Chemical installations for the production on an industrial scale of basic inorganic chemicals;;;;;;;;;
4(b)(i);Kemialliset laitokset, joissa tuotetaan teollisessa mittakaavassa epäorgaanisen kemian peruskemikaaleja, kuten kaasuja, kuten ammoniakkia, klooria tai vetykloridia, fluoria tai vetyfluoridia, hiilen oksideja, rikkiyhdisteitä, typen oksideja, vetyä, rikkidioksidia ja karbonyylikloridia;Anläggningar för kemisk framställning av oorganiska baskemikalier såsom - gaser, exempelvis ammoniak, klor eller klorväte, fluor eller fluorväte, koloxider, svavelföreningar, kväveoxider, väte, svaveldioxid, karbonylklorid (fosgen) ;Chemical installations for the production on an industrial scale of basic inorganic chemicals: Gases, such as ammonia, chlorine or hydrogen chloride, fluorine or hydrogen fluoride, carbon oxides, sulphur compounds, nitrogen oxides, hydrogen, sulphur dioxi;;;;;;;;;
4(b)(ii);Kemialliset laitokset, joissa tuotetaan teollisessa mittakaavassa epäorgaanisen kemian peruskemikaaleja, kuten happoja, kuten kromihappoa, vetyfluoridihappoa, fosforihappoa, typpihappoa, vetykloridihappoa, rikkihappoa, oleumia ja rikkihapokkeita;Anläggningar för kemisk framställning av oorganiska baskemikalier såsom - syror exempelvis kromsyra, fluorvätesyra, fosforsyra, salpetersyra, saltsyra, svavelsyra, oleum, svavelsyrlighet;Chemical installations for the production on an industrial scale of basic inorganic chemicals: Acids, such as chromic acid, hydrofluoric acid, phosphoric acid, nitric acid, hydrochloric acid, sulphuric acid, oleum, sulphurous acids;;;;;;;;;
4(b)(iii);Kemialliset laitokset, joissa tuotetaan teollisessa mittakaavassa epäorgaanisen kemian peruskemikaaleja, kuten emäksiä, kuten ammoniumhydroksidia, kaliumhydroksidia ja natriumhydroksidia;Anläggningar för kemisk framställning av oorganiska baskemikalier såsom - baser, exempelvis ammoniumhydroxid, kaliumhydroxid, natriumhydroxid;Chemical installations for the production on an industrial scale of basic inorganic chemicals: Bases, such as ammonium hydroxide, potassium hydroxide, sodium hydroxide;;;;;;;;;
4(b)(iv);Kemialliset laitokset, joissa tuotetaan teollisessa mittakaavassa epäorgaanisen kemian peruskemikaaleja, kuten suoloja, kuten ammoniumkloridia, kaliumkloraattia, kaliumkarbonaattia, natriumkarbonaattia, perbonaattia ja hopeanitraattia;Anläggningar för kemisk framställning av oorganiska baskemikalier såsom - salter, exempelvis ammoniumklorid, kaliumklorat, kaliumkarbonat, natriumkarbonat, perborat, silvernitrat ;Chemical installations for the production on an industrial scale of basic inorganic chemicals: Salts, such as ammonium chloride, potassium chlorate, potassium carbonate, sodium carbonate, perborate, silver nitrate;;;;;;;;;
4(b)(v);Kemialliset laitokset, joissa tuotetaan teollisessa mittakaavassa epäorgaanisen kemian peruskemikaaleja, kuten epämetalleja, metallioksideja tai muita epäorgaanisia yhdisteitä, kuten kalsiumkarbidia, piitä ja piikarbidia;Anläggningar för kemisk framställning av oorganiska baskemikalier såsom - icke-metaller, metalloxider eller andra oorganiska föreningar exempelvis kalciumkarbid, kisel och kiselkarbid;Chemical installations for the production on an industrial scale of basic inorganic chemicals: Non-metals, metal oxides or other inorganic compounds such as calcium carbide, silicon, silicon carbide;;;;;;;;;
4(c);Kemialliset laitokset, joissa tuotetaan teollisessa mittakaavassa fosfori-, typpi- tai kaliumpohjaisia lannoitteita (yksi- tai moniravinteisia);Anläggningar för industriell kemisk framställning av fosfor-, kväve- eller kaliumbaserade gödningsmedel (enkla eller sammansatta) ;Chemical installations for the production on an industrial scale of phosphorous, nitrogen or potassium based fertilisers (simple or compound fertilisers);;;;;;;;;
4(d);Kemialliset laitokset, joissa tuotetaan teollisessa mittakaavassa kasvinsuojeluaineiden perusaineita ja biosidejä ;Anläggningar för industriell kemisk framställning av växtskyddsmedel och biocider;Chemical installations for the production on an industrial scale of basic plant health products and of biocides;;;;;;;Kasvinsuojelu- ja torjunta-aineiden valmistus;Bekämpningsmedel ;Plant health products and biocides
4(e);Laitokset, joissa käytetään kemiallista tai biologista prosessia farmaseuttisten tuotteiden perusaineiden valmistukseen teollisessa mittakaavassa;Anläggningar för industriell framställning av läkemedel genom kemiska eller biologiska processer;Installations using a chemical or biological process for the production on an industrial scale of basic pharmaceutical products;;;;;;;Lääketeollisuus;Läkemedelsindustri;Pharmaceutical industry
4(f);Laitokset, joissa tuotetaan teollisessa mittakaavassa räjähteitä ja pyroteknisiä tuotteita ;Anläggningar för industriell framställning av sprängämnen och pyrotekniska produkter ;Installations for the production on an industrial scale of explosives and pyrotechnic products;;;;;;;;;
5;Jätehuolto ja jätevesien käsittely;Avfallshantering och avloppsvattenrening, ;Waste and waste-water management;;;;;;;;;
5(a);Vaarallisen jätteen hyödyntämis- tai käsittelylaitokset, joiden vastaanottokyky on vähintään 10 t/d;Anläggningar för återvinning eller bortskaffande av farligt avfall som tar emot 10 ton per dygn;Installations for the recovery or disposal of hazardous waste receiving 10 tonnes per day;;;;;;;Vaarallisen jätteen käsittely;Behandling av farligt avfall;Treatment of hazardous waste
5(b);Jätteenpoltosta annetun direktiivin 2000/76/EY soveltamisalaan kuuluvien muiden kuin vaarallisten jätteiden polttolaitokset, joiden kapasiteetti on vähintään 3 t/h;Anläggningar för förbränning av icke-farligt avfall som omfattas av Europaparlamentets och rådets direktiv 2000/76/EG av den 4 december 2000 om förbränning av avfall[7] med en kapacitet på 3 ton per timme;Installations for the incineration of non-hazardous waste in the scope of Directive 2000/76/EC of the European Parliament and of the Council of 4 December 2000 on the incineration of waste with a capacity of 3 tonnes per hour;;;;;;;;;
5(c);Muiden kuin vaarallisten jätteiden käsittelylaitokset, joiden kapasiteetti on vähintään 50 t/d;Anläggningar för bortskaffande av icke-farligt avfall med en kapacitet på 50 ton per dygn;Installations for the disposal of non-hazardous waste with a capacity of 50 tonnes per day;;;;;;;Jätteidenkäsittelylaitokset;Waste disposal installations;Avfallsbehandlingsanläggningar
5(d);Kaatopaikat, joiden vastaanottokyky on vähintään 10 t/d tai kokonaiskapasiteetti 25 000 t (lukuun ottamatta pysyvän jätteen kaatopaikkoja sekä kaatopaikkoja, jotka poistettu pysyvästi käytöstä ennen 16.7.2001 tai joiden osalta toimivaltaisten viranomaisten kaatopaikoista 26.4.1999 annetun neuvoston direktiivin 1999/31/EY 13 artiklan mukaisesti vaatima jälkihoitovaihe on päättynyt);Avfallsdeponier (utom deponier för inert avfall och deponier som stängdes definitivt före den 16 juli 2001 eller för vilka den efterbehandlingsfasenenligt artikel 13 - 1999/31/EG av den 26 april 1999 löpt ut) som tar emot 10 ton per dygn eller har en total kapacitet på 25 000 ton;Landfills (excluding landfills of inert waste and landfills, which were definitely closed before 16.7.2001 or for which the after-care phase required by the competent authorities according to Article 13 of Council Directive 1999/31/EC of 26 April 1999 on the landfill of waste has expired) receiving 10 tonnes per day or with a total capacity of 25 000 tonnes;;;;;;;Kaatopaikat;Deponier;Landfills
5(e);Ruhojen ja eläinperäisen jätteen käsittelyyn tai kierrätykseen tarkoitetut laitokset, joiden käsittelykapasiteetti on vähintään 10 t/d;Anläggningar för destruering eller återvinning av slaktkroppar och animaliskt avfall med en behandlingskapacitet på 10 ton per dygn;Installations for the disposal or recycling of animal carcasses and animal waste with a treatment capacity of 10 tonnes per day;;;;;;;;;
5(f);Yhdyskuntajätevesien käsittelylaitokset, joiden kapasiteetti on vähintään 100 000 AVL;Anläggningar för rening av avloppsvatten från tätbebyggelse med en kapacitet på 100 000 personekvivalenter;"Urban waste-water treatment plants with a capacity of 100 000 population
equivalents";;;;;;;Yhdyskuntajätevesien käsittelylaitokset;Kommunala avloppsreningsverk;Urban waste-water treatment plants
5(g);Itsenäisesti toimivat teollisuuden jätevesien käsittelylaitokset, jotka liittyvät ainakin yhteen tässä liitteessä mainituista toiminnoista ja joiden kapasiteetti on vähintään 10 000 m3/d;Avloppsanläggningar för industriellt avloppsvatten från sådana verksamheter som anges i denna bilaga med en kapacitet på l0000 m3 per dygn;Independently operated industrial waste-water treatment plants which serve one or more activities covered of this annex with a capacity of 10 000 m3 per day;;;;;;;;;
6;Paperin ja puun tuotanto ja jalostus;Framställning och bearbetning av papper och trä ;Paper and wood production and processing;;;;;;;;;
6(a);Teollisuuslaitokset, joissa valmistetaan massaa puusta tai vastaavista kuitumateriaaleista;Anläggningar för framställning av pappersmassa av trä eller liknande fibrösa material;Industrial plants for the production of pulp from timber or similar fibrous materials;;;;;;;;;
6(b);Teollisuuslaitokset, joissa valmistetaan paperia, kartonkia ja muita primäärisiä puutuotteita (lastulevyä, kuitulevyä ja vaneria) ja joiden tuotantokapasiteetti on vähintään 20 t/d;Anläggningar för framställning av papper och kartong och andra primära träprodukter (exempelvis spånplattor, fiberskivor och plywood) med en produktionskapacitet på 20 ton per dygn;Industrial plants for the production of paper and board and other primary wood products (such as chipboard, fibreboard and plywood) with a production capacity of 20 tonnes per day;;;;;;;Puutuoteteollisuus;träproduktindustri ;Wood products industry
6(c);Teollisuuslaitokset, joissa puuta ja puutuotteita suojataan kemiallisesti ja joiden tuotantokapasiteetti on vähintään 50 m3/d;Anläggningar för impregnering eller doppning av trä och träprodukter med kemikalier  med en produktionskapacitet på 50 m3 per dygn;Industrial plants for the preservation of wood and wood products with chemicals with a production capacity of 50 m3 per day;;;;;;;;;
7;Karjankasvatus ja vesiviljely;Intensiv animalieproduktion och intensivt vattenbruk;Intensive livestock production and aquaculture;;Karjankasvatus ja vesiviljely;;;;;;;
7(a);Siipikarjan ja sikojen tehokasvatuslaitokset;Anläggningar för intensiv fjäderfä- eller grisuppfödning;Installations for the intensive rearing of poultry or pigs. ;;Siipikarjan ja sikojen tehokasvatuslaitokset;;;;;;;
7(a)(i);Siipikarjan tehokasvatuslaitokset, joissa on vähintään 40 000 paikkaa siipikarjalle;Anläggningar för intensiv fjäderfäuppfödning med 40000 platser för fjäderfä;Installations for the intensive rearing of poultry with 40,000 places for poultry;;Siipikarjan tehokasvatuslaitokset, joissa on vähintään 40 000 paikkaa siipikarjalle;;;;;;;
7(a)(ii);Sikojen tehokasvatuslaitokset, joissa on vähintään 2 000 paikkaa tuotantosioille (paino yli 30 kg);Anläggningar för intensiv grisuppfödning med 2000 platser för slaktsvin avssedda för produktion (> 30 kg);Installations for the intensive rearing of pigs with 2,000 places for production pigs (over 30 kg);;Sikojen tehokasvatuslaitokset, joissa on vähintään 2 000 paikkaa tuotantosioille (paino yli 30 kg);;;;;;;
7(a)(iii);Sikojen tehokasvatuslaitokset, joissa on vähintään 750 paikkaa emakoille;Anläggningar för intensiv grisuppfödning med 750 platser för suggor ;Installations for the intensive rearing of pigs with 750 places for sows;;Sikojen tehokasvatuslaitokset, joissa on vähintään 750 paikkaa emakoille;;;;;;;
7(b);Voimaperäinen vesiviljely, jonka tuotantokapasiteetti on vähintään 1 000 t kalaa tai äyriäisiä/a;"Intensivt vattenbruk med en produktionskapacitet på 1 000
ton fisk eller skaldjur per år";Intensive aquaculture with a production capacity of 1 000 tonnes of fish or shellfish per year;;Voimaperäinen vesiviljely, jonka tuotantokapasiteetti on vähintään 1 000 t kalaa tai äyriäisiä/a;;;;;;;
8;Elintarvike- ja juomateollisuus;Animaliska och vegetabiliska produkter från livsmedels- och dryckessektorn ;Animal and vegetable products from the food and beverage sector;;;;;;;;;
8(a);Teurastamot, jotka tuottavat ruhoja vähintään 50 t/d;"Slakterier för en produktion baserad på en slaktvikt på
50 ton per dygn";"Slaughterhouses with a carcass production capacity of
50 tonnes per day";;;;;;;Teurastamot;Slakterier;Slaughterhouses
8(b); Elintarvikkeiden ja juomien käsittely ja jalostusr ;Behandling och framställning, avsedd för produktion av livsmedel och drycker ;Treatment and processing intended for the production of food and beverage products;;;;;;;;;
8(b)(i);Sellaisten elintarvikkeiden ja juomien käsittely ja jalostus, jotka valmistetaan eläinperäisistä raaka-aineista (paitsi maidosta) ja kun lopputuotteiden tuotanto on vähintään 75 t/d;"Behandling och framställning, avsedd för produktion av livsmedel och drycker av: - animaliska råvaror (förutom mjölk) för en produktion av 75 ton produkter per
dygn";Treatment and processing intended for the production of food and beverage products from animal raw materials (other than milk) with a finished product production capacity of 75 tonnes per day;;;;;;;Elintarvikkeiden valmistus pl. meijerit >75t/d;Livsmedelsproduktion exkl. mejerier >75t/d;Food and beverage industries except dairies >75t/d
8(b)(ii);Sellaisten elintarvikkeiden ja juomien käsittely ja jalostus, jotka valmistetaan kasviperäisistä raaka-aineista ja kun lopputuotteiden tuotantokapasiteetti on vähintään 300 t/d (neljännesvuosittain laskettavan keskiarvon perusteella);Behandling och framställning, avsedd för produktion av livsmedel och drycker av: - vegetabiliska råvaror ör en produktion av 300 ton produkter per dygn (kvartalsmedelvärde);Treatment and processing intended for the production of food and beverage products from vegetable raw materials with a finished product production capacity of 300 tonnes per day (average value on a quarterly basis);;;;;;;Elintarvikkeiden valmistus pl. meijerit >300t/d;Livsmedelsproduktion exkl. mejerier >300t/d;Food and beverage industries except dairies >300/d
8(c);Maidon käsittely ja jalostus, kun vastaanotettu maitomäärä on vähintään 200 t/d (vuosittain laskettavan keskiarvon perusteella);Behandling och framställning av mjölkprodukter med en invägningskapacitet på 200 ton per dygn (årsmedelvärde);Treatment and processing of milk with a capacity to receive 200 tonnes of milk per day (average value on an annual basis);;;;;;;Meijerit;Mejerier;Dairies
9;Muu toiminta;Annan verksamhet ;Other activities;;;;;;;;;
9(a);Kuitujen ja tekstiilien esikäsittely- (pesu, valkaisu, merserointi) tai värjäyslaitokset, joiden käsittelykapasiteetti on vähintään 10 t/d;"Anläggningar för förbehandling (exempelvis tvättning, blekning, mercerisering) eller färgning av fibrer eller textilier med en behandlingskapacitet på 10 ton per
dygn";Plants for the pre-treatment (operations such as washing, bleaching, mercerisation) or dyeing of fibres or textiles with a treatment capacity of 10 tonnes per day;;;;;;;;;
9(b);Nahanparkituslaitokset, joiden käsittelykapasiteetti on vähintään 12 t lopputuotteita/d;Garverier med en behandlingskapacitet på 12 ton slutprodukter per dygn;Plants for the tanning of hides and skins with a treatment capacity of 12 tonnes of finished product per day;;;;;;;;;
9(c);Aineiden, esineiden ja tuotteiden pintakäsittelylaitokset, erityisesti tasoitusta, painatusta, pinnoitusta, rasvanpoistoa, vedenkestokäsittelyä, liimausta, maalausta, puhdistusta tai kyllästystä orgaanisten liuottimien avulla suorittavat laitokset, joiden liuottimen kulutuskapasiteetti on vähintään 150 kg/h tai 200 t/a;Anläggningar för ytbehandling av material, föremål eller produkter med organiska lösningsmedel, i synnerhet för appretering, tryckning, bestrykning, avfettning, vattenskyddsbehandling, limning, målning, rengöring eller impregnering för en förbrukning av lösningsmedel på 150 kg per timme eller 200 ton per år;Installations for the surface treatment of substances, objects or products using organic solvents, in particular for dressing, printing, coating, degreasing, waterproofing, sizing, painting, cleaning or impregnating with a consumption capacity of 150 kg per hour or 200 tonnes per year;;;;;;;;;
9(d);Kovahiilen tai sähkögrafiitin tuotantolaitokset, joissa käytetään polttoa tai grafitointia;Anläggningar för framställning av kol (hårdbränd kol) eller av grafitelektroder genom förbränning eller grafitisering ;Installations for the production of carbon (hard-burnt coal) or electro-graphite by means of incineration or graphitisation;;;;;;;;;
9(e);Laitokset, joissa rakennetaan ja maalataan laivoja tai poistetaan niistä maali ja joilla on kyky käsitellä vähintään 100 m pitkiä aluksia;Anläggningar för att bygga fartyg och för att måla eller ta bort färg på dessa som kan ta emot 100 m långa fartyg;Installations for the building of, and painting or removal of paint from ships with a capacity for ships 100 m long;;;;;;;;;
